url,hotel_name,proof_url,address,notes
https://www.airbnb.com/rooms/1771817534145068116,Hillside Crossing Ramada,,,User supplied hotel listing
https://www.airbnb.com/rooms/1768370057410500341,Hillside Crossing Ramada,,,User supplied hotel listing
https://www.airbnb.com/rooms/1758266734164969256,Hillside Crossing Ramada,,,User supplied hotel listing
https://www.airbnb.com/rooms/1758100092018826649,Hillside Crossing Ramada,,,User supplied hotel listing
https://www.airbnb.com/rooms/1749540599649342241,Hillside Crossing Ramada,,,User supplied hotel listing
https://www.airbnb.com/rooms/1741585430289784387,Hillside Crossing Ramada,,,User supplied hotel listing
https://www.airbnb.com/rooms/1741579429003963982,Hillside Crossing Ramada,,,User supplied hotel listing
https://www.airbnb.com/rooms/1780523422764774511,Hillside Crossing Ramada,,,User supplied hotel listing
https://www.airbnb.com/rooms/1780531828595007929,Hillside Crossing Ramada,,,User supplied hotel listing
