tile_id,search_status,issued_permits,airbnb_listings,difference,comparison
1d7f103688315621,complete,3,54,-51,Available
ae6d9d99837e95d3,complete,67,102,-35,Available
748dc410023c720b,complete,21,46,-25,Available
d414467e874345f1,complete,26,99,-73,Available
8661324004dc4c06,complete,116,241,-125,Available
bec3bb2a4f9abe22,complete,13,93,-80,Available
466cf67889f703a7,complete,9,45,-36,Available
26749815e69b9949,complete,0,43,-43,Available
302ea2f4857f1486,complete,113,131,-18,Available
d97d79ca0dfa0064,complete,32,92,-60,Available
025939d4066d201e,complete,0,68,-68,Available
f7ad5e66fb110023,complete,112,141,-29,Available
c8f88860f2a3fc87,complete,93,98,-5,Available
069986afa5954a9e,complete,16,61,-45,Available
d59becbb5f7a2afa,complete,10,17,-7,Available
612b6b8ad60ee8ec,complete,0,1,-1,Available
6a15cce70a8a5af6,empty,0,0,0,Available
6fb4d021a8dde7d9,empty,0,0,0,Available
750346fc57db5669,empty,0,0,0,Available
986af307665ba993,complete,138,146,-8,Available
587398cfd2069bfa,complete,16,30,-14,Available
76cebeeeb6077f97,complete,0,23,-23,Available
d46bc721e229d901,complete,181,178,3,Available
1813866f093f8e74,complete,47,60,-13,Available
e5f18edaa874fb40,complete,10,18,-8,Available
5b264a9350e3da6f,complete,5,17,-12,Available
6b421b740d39ebfb,complete,18,22,-4,Available
f73692336bd0ee9b,complete,42,65,-23,Available
e1495708e8518770,complete,177,165,12,Available
168a459fe283ef00,complete,58,57,1,Available
a714aa5c0758dfbd,complete,113,132,-19,Available
3ac356299083fc68,complete,24,15,9,Available
8a38d23afc99f71b,complete,81,88,-7,Available
c465b13e6ee9e3f9,complete,57,55,2,Available
db121051a4a00f74,complete,35,32,3,Available
7d21b13308068b2d,complete,9,9,0,Available
35437ce0555b78d2,complete,7,24,-17,Available
53fd4edb8fbdc3d8,complete,95,104,-9,Available
d699ba709849b04d,complete,77,84,-7,Available
d5e17d92707576bd,complete,137,120,17,Available
ad72ac69fdc378b6,complete,14,32,-18,Available
45a304d2816fea52,complete,174,196,-22,Available
9dc62c428c4f2bda,complete,174,149,25,Available
74bbc2eadf811e8b,complete,33,29,4,Available
47a4ebd7469a3404,complete,23,25,-2,Available
b24bf8b6e559ca40,complete,45,31,14,Available
e492281c54b36956,complete,66,69,-3,Available
79a0b85430e711c7,complete,211,228,-17,Available
71b6bb6c23c6fc56,complete,109,107,2,Available
a58bd3a96204124e,complete,96,88,8,Available
456fddc4c7b5da5f,complete,1,15,-14,Available
3fc3cb0cd9f6751b,complete,87,89,-2,Available
719272fb85ed849c,complete,126,238,-112,Available
7e3bcee866b72863,complete,65,78,-13,Available
0b894d96ae3f5fc4,complete,28,22,6,Available
2858e1c2802b6977,complete,19,93,-74,Available
57f949c8f01b9ce2,complete,18,17,1,Available
628c0aec67451855,complete,5,9,-4,Available
a12f92d5edcc3d7d,complete,17,13,4,Available
c1fb75edea7ac935,complete,31,28,3,Available
de17f9b49104d256,complete,5,18,-13,Available
0e4a5d364995fe69,complete,12,22,-10,Available
3ef6f48dd191ab3c,complete,11,19,-8,Available
09b6b8789664b593,complete,12,12,0,Available
2815e17d4e99682e,error,26,18,,Incomplete search
1b7fed8de390ddec,error,109,107,,Incomplete search
9f2ac3cc7c006899,complete,142,155,-13,Available
0449962451d9939c,complete,135,142,-7,Available
59a4c1636a95f541,complete,116,122,-6,Available
d4e7c332ee342130,complete,132,138,-6,Available
a723ddd7e76c6067,complete,18,16,2,Available
2c71bef018410317,complete,12,7,5,Available
0afa0ed0857be170,complete,33,37,-4,Available
d380eca185b98727,complete,12,13,-1,Available
366b865b1b116ee7,complete,155,178,-23,Available
b2a2cd97066a8a5f,complete,201,210,-9,Available
39ec27d1e1a00f12,complete,185,196,-11,Available
e1e7eb7530dfd0d2,complete,98,121,-23,Available
19d204f15f961568,complete,151,143,8,Available
951fe003703d658c,complete,213,229,-16,Available
343799699b3c482f,error,171,90,,Incomplete search
9fab0235df836a09,complete,51,57,-6,Available
41ee8a2e28f9d0bb,complete,163,192,-29,Available
639947662b8b59f9,complete,158,158,0,Available
cbb40e0838ca9635,complete,226,247,-21,Available
987cbb9cb8d52ba7,complete,196,195,1,Available
3fba8e3394f7def8,complete,42,58,-16,Available
dbc0cbbbbe8059c2,complete,166,192,-26,Available
297a46c0ef14275e,error,301,0,,Incomplete search
462d35d35af6c163,complete,187,193,-6,Available
ddc5adbe35fccb99,complete,82,117,-35,Available
6fed9c3253ba5c6d,complete,44,59,-15,Available
dc62be73502b3909,complete,58,61,-3,Available
90d38a1fc84b37fb,complete,77,62,15,Available
dc3e2682f7d8254b,complete,66,60,6,Available
5b0701861d85e0a2,complete,115,129,-14,Available
481d0d2da1ce4560,complete,128,141,-13,Available
cd62d329833583f5,complete,185,183,2,Available
51d00f5e55595c90,complete,204,204,0,Available
9913d9a600daeeeb,complete,100,102,-2,Available
b03cd9767c2e4449,complete,86,89,-3,Available
6844801b1385a1a0,complete,9,6,3,Available
b82d092d9a73a1e2,complete,23,18,5,Available
355b5e2e8ef039da,complete,101,95,6,Available
c16f35bbb54f93bf,complete,115,112,3,Available
42be57dd474cc419,complete,221,225,-4,Available
f55b82152f929f43,complete,161,161,0,Available
639d74127507ddbd,complete,97,103,-6,Available
bf9ad42bce3e80f8,complete,64,76,-12,Available
da35158a5c58796a,complete,0,100,-100,Available
73c77d6a48d5cf13,complete,143,145,-2,Available
32fe2a3fff6891f1,complete,217,222,-5,Available
e17a9dfcf67195a7,complete,183,189,-6,Available
7b7d4a5ca11f13f6,complete,95,94,1,Available
55b44e54f176b477,complete,44,39,5,Available
a67c50cf4855328f,complete,119,149,-30,Available
75d95203ee0835e5,complete,131,185,-54,Available
92a4f510b6bd2087,complete,29,92,-63,Available
1213abaabb477f9a,complete,4,18,-14,Available
72114295ae515b17,empty,0,0,0,Available
623e30d71510d65f,complete,0,1,-1,Available
70b295e9947dab12,complete,0,1,-1,Available
9d9c9f0e02fad66b,complete,4,4,0,Available
00e8bcd25e8c2f7e,empty,0,0,0,Available
32a88601bc9ce7d8,complete,124,140,-16,Available
53b7bc9aa574780a,complete,90,92,-2,Available
d5adb3024543cc45,complete,39,34,5,Available
48c8c15966f50d05,complete,51,45,6,Available
944fc873ef024a8c,complete,29,28,1,Available
5954c714369f759e,complete,43,44,-1,Available
1461d72f91efd222,complete,63,68,-5,Available
0b3f582689ff2bf9,complete,28,33,-5,Available
e17836ece552b053,complete,65,66,-1,Available
4f5220b19b4f6ee8,complete,94,103,-9,Available
3d09cb2ca2624a36,complete,22,64,-42,Available
0bf245d5e6ad4cec,complete,75,145,-70,Available
c0832024cd7fc956,complete,160,230,-70,Available
c22ed839812cf77e,complete,36,40,-4,Available
e48053fe224d272e,complete,109,115,-6,Available
1bbdf59c061d6525,complete,81,38,43,Available
3e10b2d655324a76,complete,141,150,-9,Available
455c4682cd635829,complete,57,73,-16,Available
509c56dafdbbf0ec,complete,59,25,34,Available
b42ae160c48ecc77,complete,64,183,-119,Available
b9b70a18797fd27b,complete,20,27,-7,Available
da99138abad74d6d,complete,38,53,-15,Available
e93d95f2f848decd,complete,15,14,1,Available
6114540fb27209fd,complete,60,79,-19,Available
3198a17301be66da,complete,93,94,-1,Available
d0518adc81daaedb,complete,14,14,0,Available
dacbe4fa740d57a3,complete,50,162,-112,Available
1cea6a29bdf23f61,complete,144,171,-27,Available
748fa7a260745e97,complete,144,183,-39,Available
ec90185c250eb407,complete,120,154,-34,Available
753d381f3e1dc100,complete,117,103,14,Available
aba12012421006a5,complete,5,74,-69,Available
a12131901e171d9e,complete,1,170,-169,Available
4bebeeb65a19e391,complete,5,78,-73,Available
11e8b6c128315979,complete,1,178,-177,Available
09fb5f9db287f3ef,complete,2,28,-26,Available
222f9519143a78ae,complete,1,149,-148,Available
cb234aacfeff7bef,complete,42,107,-65,Available
9a6901a3bbc55361,complete,133,164,-31,Available
245437999926e32b,complete,31,60,-29,Available
e0f61c86582b164d,empty,0,0,0,Available
c93854c0298242ef,complete,40,195,-155,Available
113c8b2920a30d40,complete,53,25,28,Available
dfe309bbe4e215ac,complete,7,19,-12,Available
bd59ea4a843f5886,complete,62,68,-6,Available
4f36f8097d67fa78,complete,7,56,-49,Available
051cacb2e9617fa7,complete,115,150,-35,Available
48c2a885d2c95370,complete,36,49,-13,Available
b9d5464c953a12da,empty,0,0,0,Available
e4fb98ec0c223725,complete,34,57,-23,Available
48f5dbd22dcdcc25,complete,24,50,-26,Available
bb5191d1d8f68601,complete,50,171,-121,Available
15013ff465906ec1,complete,81,48,33,Available
a444c11c944adc3f,complete,0,2,-2,Available
dfe727fa505246b0,complete,110,102,8,Available
49862606c48d890a,complete,0,11,-11,Available
da199b003178e7d6,complete,309,142,167,Available
1d61626455b0fc87,complete,309,145,164,Available
304f68a4f08222f7,complete,5,33,-28,Available
09ec8083f5a93b5e,complete,0,15,-15,Available
ea5393d3ae4191cb,complete,0,20,-20,Available
addfec9441440910,complete,55,104,-49,Available
2d7bd4398a47fdf4,complete,11,20,-9,Available
e689c59e8509269a,complete,41,26,15,Available
5074664e53f032ae,complete,83,12,71,Available
78ddd7ba188eb82a,complete,113,168,-55,Available
4b26a6ebb35be579,complete,181,181,0,Available
7ac3caed72b37776,complete,147,62,85,Available
af5e23be9c459821,complete,191,63,128,Available
31a7d0d3d02e23d1,complete,189,15,174,Available
